never.use.this.pls1000@gmail.com,a
never.use.this.pls1001@gmail.com,a
never.use.this.pls1002@gmail.com,a
never.use.this.pls1003@gmail.com,a
never.use.this.pls1004@gmail.com,a
never.use.this.pls1005@gmail.com,a
never.use.this.pls1006@gmail.com,a
never.use.this.pls1007@gmail.com,a
never.use.this.pls1008@gmail.com,a
never.use.this.pls1009@gmail.com,a
never.use.this.pls1010@gmail.com,a
never.use.this.pls1011@gmail.com,a
never.use.this.pls1012@gmail.com,a
never.use.this.pls1013@gmail.com,a
never.use.this.pls1014@gmail.com,a
never.use.this.pls1015@gmail.com,a
never.use.this.pls1016@gmail.com,a
never.use.this.pls1017@gmail.com,a
never.use.this.pls1018@gmail.com,a
never.use.this.pls1019@gmail.com,a
never.use.this.pls1020@gmail.com,a
never.use.this.pls1021@gmail.com,a
never.use.this.pls1022@gmail.com,a
never.use.this.pls1023@gmail.com,a
never.use.this.pls1024@gmail.com,a
never.use.this.pls1025@gmail.com,a
never.use.this.pls1026@gmail.com,a
never.use.this.pls1027@gmail.com,a
never.use.this.pls1028@gmail.com,a
never.use.this.pls1029@gmail.com,a
never.use.this.pls1030@gmail.com,a
never.use.this.pls1031@gmail.com,a
never.use.this.pls1032@gmail.com,a
never.use.this.pls1033@gmail.com,a
never.use.this.pls1034@gmail.com,a
never.use.this.pls1035@gmail.com,a
never.use.this.pls1036@gmail.com,a
never.use.this.pls1037@gmail.com,a
never.use.this.pls1038@gmail.com,a
never.use.this.pls1039@gmail.com,a
never.use.this.pls1040@gmail.com,a
never.use.this.pls1041@gmail.com,a
never.use.this.pls1042@gmail.com,a
never.use.this.pls1043@gmail.com,a
never.use.this.pls1044@gmail.com,a
never.use.this.pls1045@gmail.com,a
never.use.this.pls1046@gmail.com,a
never.use.this.pls1047@gmail.com,a
never.use.this.pls1048@gmail.com,a
never.use.this.pls1049@gmail.com,a
never.use.this.pls1050@gmail.com,a
never.use.this.pls1051@gmail.com,a
never.use.this.pls1052@gmail.com,a
never.use.this.pls1053@gmail.com,a
never.use.this.pls1054@gmail.com,a
never.use.this.pls1055@gmail.com,a
never.use.this.pls1056@gmail.com,a
never.use.this.pls1057@gmail.com,a
never.use.this.pls1058@gmail.com,a
never.use.this.pls1059@gmail.com,a
never.use.this.pls1060@gmail.com,a
never.use.this.pls1061@gmail.com,a
never.use.this.pls1062@gmail.com,a
never.use.this.pls1063@gmail.com,a
never.use.this.pls1064@gmail.com,a
never.use.this.pls1065@gmail.com,a
never.use.this.pls1066@gmail.com,a
never.use.this.pls1067@gmail.com,a
never.use.this.pls1068@gmail.com,a
never.use.this.pls1069@gmail.com,a
never.use.this.pls1070@gmail.com,a
never.use.this.pls1071@gmail.com,a
never.use.this.pls1072@gmail.com,a
never.use.this.pls1073@gmail.com,a
never.use.this.pls1074@gmail.com,a
never.use.this.pls1075@gmail.com,a
never.use.this.pls1076@gmail.com,a
never.use.this.pls1077@gmail.com,a
never.use.this.pls1078@gmail.com,a
never.use.this.pls1079@gmail.com,a
never.use.this.pls1080@gmail.com,a
never.use.this.pls1081@gmail.com,a
never.use.this.pls1082@gmail.com,a
never.use.this.pls1083@gmail.com,a
never.use.this.pls1084@gmail.com,a
never.use.this.pls1085@gmail.com,a
never.use.this.pls1086@gmail.com,a
never.use.this.pls1087@gmail.com,a
never.use.this.pls1088@gmail.com,a
never.use.this.pls1089@gmail.com,a
never.use.this.pls1090@gmail.com,a
never.use.this.pls1091@gmail.com,a
never.use.this.pls1092@gmail.com,a
never.use.this.pls1093@gmail.com,a
never.use.this.pls1094@gmail.com,a
never.use.this.pls1095@gmail.com,a
never.use.this.pls1096@gmail.com,a
never.use.this.pls1097@gmail.com,a
never.use.this.pls1098@gmail.com,a
never.use.this.pls1099@gmail.com,a
never.use.this.pls1100@gmail.com,a
never.use.this.pls1101@gmail.com,a
never.use.this.pls1102@gmail.com,a
never.use.this.pls1103@gmail.com,a
never.use.this.pls1104@gmail.com,a
never.use.this.pls1105@gmail.com,a
never.use.this.pls1106@gmail.com,a
never.use.this.pls1107@gmail.com,a
never.use.this.pls1108@gmail.com,a
never.use.this.pls1109@gmail.com,a
never.use.this.pls1110@gmail.com,a
never.use.this.pls1111@gmail.com,a
never.use.this.pls1112@gmail.com,a
never.use.this.pls1113@gmail.com,a
never.use.this.pls1114@gmail.com,a
never.use.this.pls1115@gmail.com,a
never.use.this.pls1116@gmail.com,a
never.use.this.pls1117@gmail.com,a
never.use.this.pls1118@gmail.com,a
never.use.this.pls1119@gmail.com,a
never.use.this.pls1120@gmail.com,a
never.use.this.pls1121@gmail.com,a
never.use.this.pls1122@gmail.com,a
never.use.this.pls1123@gmail.com,a
never.use.this.pls1124@gmail.com,a
never.use.this.pls1125@gmail.com,a
never.use.this.pls1126@gmail.com,a
never.use.this.pls1127@gmail.com,a
never.use.this.pls1128@gmail.com,a
never.use.this.pls1129@gmail.com,a
never.use.this.pls1130@gmail.com,a
never.use.this.pls1131@gmail.com,a
never.use.this.pls1132@gmail.com,a
never.use.this.pls1133@gmail.com,a
never.use.this.pls1134@gmail.com,a
never.use.this.pls1135@gmail.com,a
never.use.this.pls1136@gmail.com,a
never.use.this.pls1137@gmail.com,a
never.use.this.pls1138@gmail.com,a
never.use.this.pls1139@gmail.com,a
never.use.this.pls1140@gmail.com,a
never.use.this.pls1141@gmail.com,a
never.use.this.pls1142@gmail.com,a
never.use.this.pls1143@gmail.com,a
never.use.this.pls1144@gmail.com,a
never.use.this.pls1145@gmail.com,a
never.use.this.pls1146@gmail.com,a
never.use.this.pls1147@gmail.com,a
never.use.this.pls1148@gmail.com,a
never.use.this.pls1149@gmail.com,a
never.use.this.pls1150@gmail.com,a
never.use.this.pls1151@gmail.com,a
never.use.this.pls1152@gmail.com,a
never.use.this.pls1153@gmail.com,a
never.use.this.pls1154@gmail.com,a
never.use.this.pls1155@gmail.com,a
never.use.this.pls1156@gmail.com,a
never.use.this.pls1157@gmail.com,a
never.use.this.pls1158@gmail.com,a
never.use.this.pls1159@gmail.com,a
never.use.this.pls1160@gmail.com,a
never.use.this.pls1161@gmail.com,a
never.use.this.pls1162@gmail.com,a
never.use.this.pls1163@gmail.com,a
never.use.this.pls1164@gmail.com,a
never.use.this.pls1165@gmail.com,a
never.use.this.pls1166@gmail.com,a
never.use.this.pls1167@gmail.com,a
never.use.this.pls1168@gmail.com,a
never.use.this.pls1169@gmail.com,a
never.use.this.pls1170@gmail.com,a
never.use.this.pls1171@gmail.com,a
never.use.this.pls1172@gmail.com,a
never.use.this.pls1173@gmail.com,a
never.use.this.pls1174@gmail.com,a
never.use.this.pls1175@gmail.com,a
never.use.this.pls1176@gmail.com,a
never.use.this.pls1177@gmail.com,a
never.use.this.pls1178@gmail.com,a
never.use.this.pls1179@gmail.com,a
never.use.this.pls1180@gmail.com,a
never.use.this.pls1181@gmail.com,a
never.use.this.pls1182@gmail.com,a
never.use.this.pls1183@gmail.com,a
never.use.this.pls1184@gmail.com,a
never.use.this.pls1185@gmail.com,a
never.use.this.pls1186@gmail.com,a
never.use.this.pls1187@gmail.com,a
never.use.this.pls1188@gmail.com,a
never.use.this.pls1189@gmail.com,a
never.use.this.pls1190@gmail.com,a
never.use.this.pls1191@gmail.com,a
never.use.this.pls1192@gmail.com,a
never.use.this.pls1193@gmail.com,a
never.use.this.pls1194@gmail.com,a
never.use.this.pls1195@gmail.com,a
never.use.this.pls1196@gmail.com,a
never.use.this.pls1197@gmail.com,a
never.use.this.pls1198@gmail.com,a
never.use.this.pls1199@gmail.com,a
never.use.this.pls1200@gmail.com,a
never.use.this.pls1201@gmail.com,a
never.use.this.pls1202@gmail.com,a
never.use.this.pls1203@gmail.com,a
never.use.this.pls1204@gmail.com,a
never.use.this.pls1205@gmail.com,a
never.use.this.pls1206@gmail.com,a
never.use.this.pls1207@gmail.com,a
never.use.this.pls1208@gmail.com,a
never.use.this.pls1209@gmail.com,a
never.use.this.pls1210@gmail.com,a
never.use.this.pls1211@gmail.com,a
never.use.this.pls1212@gmail.com,a
never.use.this.pls1213@gmail.com,a
never.use.this.pls1214@gmail.com,a
never.use.this.pls1215@gmail.com,a
never.use.this.pls1216@gmail.com,a
never.use.this.pls1217@gmail.com,a
never.use.this.pls1218@gmail.com,a
never.use.this.pls1219@gmail.com,a
never.use.this.pls1220@gmail.com,a
never.use.this.pls1221@gmail.com,a
never.use.this.pls1222@gmail.com,a
never.use.this.pls1223@gmail.com,a
never.use.this.pls1224@gmail.com,a
never.use.this.pls1225@gmail.com,a
never.use.this.pls1226@gmail.com,a
never.use.this.pls1227@gmail.com,a
never.use.this.pls1228@gmail.com,a
never.use.this.pls1229@gmail.com,a
never.use.this.pls1230@gmail.com,a
never.use.this.pls1231@gmail.com,a
never.use.this.pls1232@gmail.com,a
never.use.this.pls1233@gmail.com,a
never.use.this.pls1234@gmail.com,a
never.use.this.pls1235@gmail.com,a
never.use.this.pls1236@gmail.com,a
never.use.this.pls1237@gmail.com,a
never.use.this.pls1238@gmail.com,a
never.use.this.pls1239@gmail.com,a
never.use.this.pls1240@gmail.com,a
never.use.this.pls1241@gmail.com,a
never.use.this.pls1242@gmail.com,a
never.use.this.pls1243@gmail.com,a
never.use.this.pls1244@gmail.com,a
never.use.this.pls1245@gmail.com,a
never.use.this.pls1246@gmail.com,a
never.use.this.pls1247@gmail.com,a
never.use.this.pls1248@gmail.com,a
never.use.this.pls1249@gmail.com,a
never.use.this.pls1250@gmail.com,a
never.use.this.pls1251@gmail.com,a
never.use.this.pls1252@gmail.com,a
never.use.this.pls1253@gmail.com,a
never.use.this.pls1254@gmail.com,a
never.use.this.pls1255@gmail.com,a
never.use.this.pls1256@gmail.com,a
never.use.this.pls1257@gmail.com,a
never.use.this.pls1258@gmail.com,a
never.use.this.pls1259@gmail.com,a
never.use.this.pls1260@gmail.com,a
never.use.this.pls1261@gmail.com,a
never.use.this.pls1262@gmail.com,a
never.use.this.pls1263@gmail.com,a
never.use.this.pls1264@gmail.com,a
never.use.this.pls1265@gmail.com,a
never.use.this.pls1266@gmail.com,a
never.use.this.pls1267@gmail.com,a
never.use.this.pls1268@gmail.com,a
never.use.this.pls1269@gmail.com,a
never.use.this.pls1270@gmail.com,a
never.use.this.pls1271@gmail.com,a
never.use.this.pls1272@gmail.com,a
never.use.this.pls1273@gmail.com,a
never.use.this.pls1274@gmail.com,a
never.use.this.pls1275@gmail.com,a
never.use.this.pls1276@gmail.com,a
never.use.this.pls1277@gmail.com,a
never.use.this.pls1278@gmail.com,a
never.use.this.pls1279@gmail.com,a
never.use.this.pls1280@gmail.com,a
never.use.this.pls1281@gmail.com,a
never.use.this.pls1282@gmail.com,a
never.use.this.pls1283@gmail.com,a
never.use.this.pls1284@gmail.com,a
never.use.this.pls1285@gmail.com,a
never.use.this.pls1286@gmail.com,a
never.use.this.pls1287@gmail.com,a
never.use.this.pls1288@gmail.com,a
never.use.this.pls1289@gmail.com,a
never.use.this.pls1290@gmail.com,a
never.use.this.pls1291@gmail.com,a
never.use.this.pls1292@gmail.com,a
never.use.this.pls1293@gmail.com,a
never.use.this.pls1294@gmail.com,a
never.use.this.pls1295@gmail.com,a
never.use.this.pls1296@gmail.com,a
never.use.this.pls1297@gmail.com,a
never.use.this.pls1298@gmail.com,a
never.use.this.pls1299@gmail.com,a
never.use.this.pls1300@gmail.com,a
never.use.this.pls1301@gmail.com,a
never.use.this.pls1302@gmail.com,a
never.use.this.pls1303@gmail.com,a
never.use.this.pls1304@gmail.com,a
never.use.this.pls1305@gmail.com,a
never.use.this.pls1306@gmail.com,a
never.use.this.pls1307@gmail.com,a
never.use.this.pls1308@gmail.com,a
never.use.this.pls1309@gmail.com,a
never.use.this.pls1310@gmail.com,a
never.use.this.pls1311@gmail.com,a
never.use.this.pls1312@gmail.com,a
never.use.this.pls1313@gmail.com,a
never.use.this.pls1314@gmail.com,a
never.use.this.pls1315@gmail.com,a
never.use.this.pls1316@gmail.com,a
never.use.this.pls1317@gmail.com,a
never.use.this.pls1318@gmail.com,a
never.use.this.pls1319@gmail.com,a
never.use.this.pls1320@gmail.com,a
never.use.this.pls1321@gmail.com,a
never.use.this.pls1322@gmail.com,a
never.use.this.pls1323@gmail.com,a
never.use.this.pls1324@gmail.com,a
never.use.this.pls1325@gmail.com,a
never.use.this.pls1326@gmail.com,a
never.use.this.pls1327@gmail.com,a
never.use.this.pls1328@gmail.com,a
never.use.this.pls1329@gmail.com,a
never.use.this.pls1330@gmail.com,a
never.use.this.pls1331@gmail.com,a
never.use.this.pls1332@gmail.com,a
never.use.this.pls1333@gmail.com,a
never.use.this.pls1334@gmail.com,a
never.use.this.pls1335@gmail.com,a
never.use.this.pls1336@gmail.com,a
never.use.this.pls1337@gmail.com,a
never.use.this.pls1338@gmail.com,a
never.use.this.pls1339@gmail.com,a
never.use.this.pls1340@gmail.com,a
never.use.this.pls1341@gmail.com,a
never.use.this.pls1342@gmail.com,a
never.use.this.pls1343@gmail.com,a
never.use.this.pls1344@gmail.com,a
never.use.this.pls1345@gmail.com,a
never.use.this.pls1346@gmail.com,a
never.use.this.pls1347@gmail.com,a
never.use.this.pls1348@gmail.com,a
never.use.this.pls1349@gmail.com,a
never.use.this.pls1350@gmail.com,a
never.use.this.pls1351@gmail.com,a
never.use.this.pls1352@gmail.com,a
never.use.this.pls1353@gmail.com,a
never.use.this.pls1354@gmail.com,a
never.use.this.pls1355@gmail.com,a
never.use.this.pls1356@gmail.com,a
never.use.this.pls1357@gmail.com,a
never.use.this.pls1358@gmail.com,a
never.use.this.pls1359@gmail.com,a
never.use.this.pls1360@gmail.com,a
never.use.this.pls1361@gmail.com,a
never.use.this.pls1362@gmail.com,a
never.use.this.pls1363@gmail.com,a
never.use.this.pls1364@gmail.com,a
never.use.this.pls1365@gmail.com,a
never.use.this.pls1366@gmail.com,a
never.use.this.pls1367@gmail.com,a
never.use.this.pls1368@gmail.com,a
never.use.this.pls1369@gmail.com,a
never.use.this.pls1370@gmail.com,a
never.use.this.pls1371@gmail.com,a
never.use.this.pls1372@gmail.com,a
never.use.this.pls1373@gmail.com,a
never.use.this.pls1374@gmail.com,a
never.use.this.pls1375@gmail.com,a
never.use.this.pls1376@gmail.com,a
never.use.this.pls1377@gmail.com,a
never.use.this.pls1378@gmail.com,a
never.use.this.pls1379@gmail.com,a
never.use.this.pls1380@gmail.com,a
never.use.this.pls1381@gmail.com,a
never.use.this.pls1382@gmail.com,a
never.use.this.pls1383@gmail.com,a
never.use.this.pls1384@gmail.com,a
never.use.this.pls1385@gmail.com,a
never.use.this.pls1386@gmail.com,a
never.use.this.pls1387@gmail.com,a
never.use.this.pls1388@gmail.com,a
never.use.this.pls1389@gmail.com,a
never.use.this.pls1390@gmail.com,a
never.use.this.pls1391@gmail.com,a
never.use.this.pls1392@gmail.com,a
never.use.this.pls1393@gmail.com,a
never.use.this.pls1394@gmail.com,a
never.use.this.pls1395@gmail.com,a
never.use.this.pls1396@gmail.com,a
never.use.this.pls1397@gmail.com,a
never.use.this.pls1398@gmail.com,a
never.use.this.pls1399@gmail.com,a
never.use.this.pls1400@gmail.com,a
never.use.this.pls1401@gmail.com,a
never.use.this.pls1402@gmail.com,a
never.use.this.pls1403@gmail.com,a
never.use.this.pls1404@gmail.com,a
never.use.this.pls1405@gmail.com,a
never.use.this.pls1406@gmail.com,a
never.use.this.pls1407@gmail.com,a
never.use.this.pls1408@gmail.com,a
never.use.this.pls1409@gmail.com,a
never.use.this.pls1410@gmail.com,a
never.use.this.pls1411@gmail.com,a
never.use.this.pls1412@gmail.com,a
never.use.this.pls1413@gmail.com,a
never.use.this.pls1414@gmail.com,a
never.use.this.pls1415@gmail.com,a
never.use.this.pls1416@gmail.com,a
never.use.this.pls1417@gmail.com,a
never.use.this.pls1418@gmail.com,a
never.use.this.pls1419@gmail.com,a
never.use.this.pls1420@gmail.com,a
never.use.this.pls1421@gmail.com,a
never.use.this.pls1422@gmail.com,a
never.use.this.pls1423@gmail.com,a
never.use.this.pls1424@gmail.com,a
never.use.this.pls1425@gmail.com,a
never.use.this.pls1426@gmail.com,a
never.use.this.pls1427@gmail.com,a
never.use.this.pls1428@gmail.com,a
never.use.this.pls1429@gmail.com,a
never.use.this.pls1430@gmail.com,a
never.use.this.pls1431@gmail.com,a
never.use.this.pls1432@gmail.com,a
never.use.this.pls1433@gmail.com,a
never.use.this.pls1434@gmail.com,a
never.use.this.pls1435@gmail.com,a
never.use.this.pls1436@gmail.com,a
never.use.this.pls1437@gmail.com,a
never.use.this.pls1438@gmail.com,a
never.use.this.pls1439@gmail.com,a
never.use.this.pls1440@gmail.com,a
never.use.this.pls1441@gmail.com,a
never.use.this.pls1442@gmail.com,a
never.use.this.pls1443@gmail.com,a
never.use.this.pls1444@gmail.com,a
never.use.this.pls1445@gmail.com,a
never.use.this.pls1446@gmail.com,a
never.use.this.pls1447@gmail.com,a
never.use.this.pls1448@gmail.com,a
never.use.this.pls1449@gmail.com,a
never.use.this.pls1450@gmail.com,a
never.use.this.pls1451@gmail.com,a
never.use.this.pls1452@gmail.com,a
never.use.this.pls1453@gmail.com,a
never.use.this.pls1454@gmail.com,a
never.use.this.pls1455@gmail.com,a
never.use.this.pls1456@gmail.com,a
never.use.this.pls1457@gmail.com,a
never.use.this.pls1458@gmail.com,a
never.use.this.pls1459@gmail.com,a
never.use.this.pls1460@gmail.com,a
never.use.this.pls1461@gmail.com,a
never.use.this.pls1462@gmail.com,a
never.use.this.pls1463@gmail.com,a
never.use.this.pls1464@gmail.com,a
never.use.this.pls1465@gmail.com,a
never.use.this.pls1466@gmail.com,a
never.use.this.pls1467@gmail.com,a
never.use.this.pls1468@gmail.com,a
never.use.this.pls1469@gmail.com,a
never.use.this.pls1470@gmail.com,a
never.use.this.pls1471@gmail.com,a
never.use.this.pls1472@gmail.com,a
never.use.this.pls1473@gmail.com,a
never.use.this.pls1474@gmail.com,a
never.use.this.pls1475@gmail.com,a
never.use.this.pls1476@gmail.com,a
never.use.this.pls1477@gmail.com,a
never.use.this.pls1478@gmail.com,a
never.use.this.pls1479@gmail.com,a
never.use.this.pls1480@gmail.com,a
never.use.this.pls1481@gmail.com,a
never.use.this.pls1482@gmail.com,a
never.use.this.pls1483@gmail.com,a
never.use.this.pls1484@gmail.com,a
never.use.this.pls1485@gmail.com,a
never.use.this.pls1486@gmail.com,a
never.use.this.pls1487@gmail.com,a
never.use.this.pls1488@gmail.com,a
never.use.this.pls1489@gmail.com,a
never.use.this.pls1490@gmail.com,a
never.use.this.pls1491@gmail.com,a
never.use.this.pls1492@gmail.com,a
never.use.this.pls1493@gmail.com,a
never.use.this.pls1494@gmail.com,a
never.use.this.pls1495@gmail.com,a
never.use.this.pls1496@gmail.com,a
never.use.this.pls1497@gmail.com,a
never.use.this.pls1498@gmail.com,a
never.use.this.pls1499@gmail.com,a
never.use.this.pls1500@gmail.com,a
never.use.this.pls1501@gmail.com,a
never.use.this.pls1502@gmail.com,a
never.use.this.pls1503@gmail.com,a
never.use.this.pls1504@gmail.com,a
never.use.this.pls1505@gmail.com,a
never.use.this.pls1506@gmail.com,a
never.use.this.pls1507@gmail.com,a
never.use.this.pls1508@gmail.com,a
never.use.this.pls1509@gmail.com,a
never.use.this.pls1510@gmail.com,a
never.use.this.pls1511@gmail.com,a
never.use.this.pls1512@gmail.com,a
never.use.this.pls1513@gmail.com,a
never.use.this.pls1514@gmail.com,a
never.use.this.pls1515@gmail.com,a
never.use.this.pls1516@gmail.com,a
never.use.this.pls1517@gmail.com,a
never.use.this.pls1518@gmail.com,a
never.use.this.pls1519@gmail.com,a
never.use.this.pls1520@gmail.com,a
never.use.this.pls1521@gmail.com,a
never.use.this.pls1522@gmail.com,a
never.use.this.pls1523@gmail.com,a
never.use.this.pls1524@gmail.com,a
never.use.this.pls1525@gmail.com,a
never.use.this.pls1526@gmail.com,a
never.use.this.pls1527@gmail.com,a
never.use.this.pls1528@gmail.com,a
never.use.this.pls1529@gmail.com,a
never.use.this.pls1530@gmail.com,a
never.use.this.pls1531@gmail.com,a
never.use.this.pls1532@gmail.com,a
never.use.this.pls1533@gmail.com,a
never.use.this.pls1534@gmail.com,a
never.use.this.pls1535@gmail.com,a
never.use.this.pls1536@gmail.com,a
never.use.this.pls1537@gmail.com,a
never.use.this.pls1538@gmail.com,a
never.use.this.pls1539@gmail.com,a
never.use.this.pls1540@gmail.com,a
never.use.this.pls1541@gmail.com,a
never.use.this.pls1542@gmail.com,a
never.use.this.pls1543@gmail.com,a
never.use.this.pls1544@gmail.com,a
never.use.this.pls1545@gmail.com,a
never.use.this.pls1546@gmail.com,a
never.use.this.pls1547@gmail.com,a
never.use.this.pls1548@gmail.com,a
never.use.this.pls1549@gmail.com,a
never.use.this.pls1550@gmail.com,a
never.use.this.pls1551@gmail.com,a
never.use.this.pls1552@gmail.com,a
never.use.this.pls1553@gmail.com,a
never.use.this.pls1554@gmail.com,a
never.use.this.pls1555@gmail.com,a
never.use.this.pls1556@gmail.com,a
never.use.this.pls1557@gmail.com,a
never.use.this.pls1558@gmail.com,a
never.use.this.pls1559@gmail.com,a
never.use.this.pls1560@gmail.com,a
never.use.this.pls1561@gmail.com,a
never.use.this.pls1562@gmail.com,a
never.use.this.pls1563@gmail.com,a
never.use.this.pls1564@gmail.com,a
never.use.this.pls1565@gmail.com,a
never.use.this.pls1566@gmail.com,a
never.use.this.pls1567@gmail.com,a
never.use.this.pls1568@gmail.com,a
never.use.this.pls1569@gmail.com,a
never.use.this.pls1570@gmail.com,a
never.use.this.pls1571@gmail.com,a
never.use.this.pls1572@gmail.com,a
never.use.this.pls1573@gmail.com,a
never.use.this.pls1574@gmail.com,a
never.use.this.pls1575@gmail.com,a
never.use.this.pls1576@gmail.com,a
never.use.this.pls1577@gmail.com,a
never.use.this.pls1578@gmail.com,a
never.use.this.pls1579@gmail.com,a
never.use.this.pls1580@gmail.com,a
never.use.this.pls1581@gmail.com,a
never.use.this.pls1582@gmail.com,a
never.use.this.pls1583@gmail.com,a
never.use.this.pls1584@gmail.com,a
never.use.this.pls1585@gmail.com,a
never.use.this.pls1586@gmail.com,a
never.use.this.pls1587@gmail.com,a
never.use.this.pls1588@gmail.com,a
never.use.this.pls1589@gmail.com,a
never.use.this.pls1590@gmail.com,a
never.use.this.pls1591@gmail.com,a
never.use.this.pls1592@gmail.com,a
never.use.this.pls1593@gmail.com,a
never.use.this.pls1594@gmail.com,a
never.use.this.pls1595@gmail.com,a
never.use.this.pls1596@gmail.com,a
never.use.this.pls1597@gmail.com,a
never.use.this.pls1598@gmail.com,a
never.use.this.pls1599@gmail.com,a
never.use.this.pls1600@gmail.com,a
never.use.this.pls1601@gmail.com,a
never.use.this.pls1602@gmail.com,a
never.use.this.pls1603@gmail.com,a
never.use.this.pls1604@gmail.com,a
never.use.this.pls1605@gmail.com,a
never.use.this.pls1606@gmail.com,a
never.use.this.pls1607@gmail.com,a
never.use.this.pls1608@gmail.com,a
never.use.this.pls1609@gmail.com,a
never.use.this.pls1610@gmail.com,a
never.use.this.pls1611@gmail.com,a
never.use.this.pls1612@gmail.com,a
never.use.this.pls1613@gmail.com,a
never.use.this.pls1614@gmail.com,a
never.use.this.pls1615@gmail.com,a
never.use.this.pls1616@gmail.com,a
never.use.this.pls1617@gmail.com,a
never.use.this.pls1618@gmail.com,a
never.use.this.pls1619@gmail.com,a
never.use.this.pls1620@gmail.com,a
never.use.this.pls1621@gmail.com,a
never.use.this.pls1622@gmail.com,a
never.use.this.pls1623@gmail.com,a
never.use.this.pls1624@gmail.com,a
never.use.this.pls1625@gmail.com,a
never.use.this.pls1626@gmail.com,a
never.use.this.pls1627@gmail.com,a
never.use.this.pls1628@gmail.com,a
never.use.this.pls1629@gmail.com,a
never.use.this.pls1630@gmail.com,a
never.use.this.pls1631@gmail.com,a
never.use.this.pls1632@gmail.com,a
never.use.this.pls1633@gmail.com,a
never.use.this.pls1634@gmail.com,a
never.use.this.pls1635@gmail.com,a
never.use.this.pls1636@gmail.com,a
never.use.this.pls1637@gmail.com,a
never.use.this.pls1638@gmail.com,a
never.use.this.pls1639@gmail.com,a
never.use.this.pls1640@gmail.com,a
never.use.this.pls1641@gmail.com,a
never.use.this.pls1642@gmail.com,a
never.use.this.pls1643@gmail.com,a
never.use.this.pls1644@gmail.com,a
never.use.this.pls1645@gmail.com,a
never.use.this.pls1646@gmail.com,a
never.use.this.pls1647@gmail.com,a
never.use.this.pls1648@gmail.com,a
never.use.this.pls1649@gmail.com,a
never.use.this.pls1650@gmail.com,a
never.use.this.pls1651@gmail.com,a
never.use.this.pls1652@gmail.com,a
never.use.this.pls1653@gmail.com,a
never.use.this.pls1654@gmail.com,a
never.use.this.pls1655@gmail.com,a
never.use.this.pls1656@gmail.com,a
never.use.this.pls1657@gmail.com,a
never.use.this.pls1658@gmail.com,a
never.use.this.pls1659@gmail.com,a
never.use.this.pls1660@gmail.com,a
never.use.this.pls1661@gmail.com,a
never.use.this.pls1662@gmail.com,a
never.use.this.pls1663@gmail.com,a
never.use.this.pls1664@gmail.com,a
never.use.this.pls1665@gmail.com,a
never.use.this.pls1666@gmail.com,a
never.use.this.pls1667@gmail.com,a
never.use.this.pls1668@gmail.com,a
never.use.this.pls1669@gmail.com,a
never.use.this.pls1670@gmail.com,a
never.use.this.pls1671@gmail.com,a
never.use.this.pls1672@gmail.com,a
never.use.this.pls1673@gmail.com,a
never.use.this.pls1674@gmail.com,a
never.use.this.pls1675@gmail.com,a
never.use.this.pls1676@gmail.com,a
never.use.this.pls1677@gmail.com,a
never.use.this.pls1678@gmail.com,a
never.use.this.pls1679@gmail.com,a
never.use.this.pls1680@gmail.com,a
never.use.this.pls1681@gmail.com,a
never.use.this.pls1682@gmail.com,a
never.use.this.pls1683@gmail.com,a
never.use.this.pls1684@gmail.com,a
never.use.this.pls1685@gmail.com,a
never.use.this.pls1686@gmail.com,a
never.use.this.pls1687@gmail.com,a
never.use.this.pls1688@gmail.com,a
never.use.this.pls1689@gmail.com,a
never.use.this.pls1690@gmail.com,a
never.use.this.pls1691@gmail.com,a
never.use.this.pls1692@gmail.com,a
never.use.this.pls1693@gmail.com,a
never.use.this.pls1694@gmail.com,a
never.use.this.pls1695@gmail.com,a
never.use.this.pls1696@gmail.com,a
never.use.this.pls1697@gmail.com,a
never.use.this.pls1698@gmail.com,a
never.use.this.pls1699@gmail.com,a
never.use.this.pls1700@gmail.com,a
never.use.this.pls1701@gmail.com,a
never.use.this.pls1702@gmail.com,a
never.use.this.pls1703@gmail.com,a
never.use.this.pls1704@gmail.com,a
never.use.this.pls1705@gmail.com,a
never.use.this.pls1706@gmail.com,a
never.use.this.pls1707@gmail.com,a
never.use.this.pls1708@gmail.com,a
never.use.this.pls1709@gmail.com,a
never.use.this.pls1710@gmail.com,a
never.use.this.pls1711@gmail.com,a
never.use.this.pls1712@gmail.com,a
never.use.this.pls1713@gmail.com,a
never.use.this.pls1714@gmail.com,a
never.use.this.pls1715@gmail.com,a
never.use.this.pls1716@gmail.com,a
never.use.this.pls1717@gmail.com,a
never.use.this.pls1718@gmail.com,a
never.use.this.pls1719@gmail.com,a
never.use.this.pls1720@gmail.com,a
never.use.this.pls1721@gmail.com,a
never.use.this.pls1722@gmail.com,a
never.use.this.pls1723@gmail.com,a
never.use.this.pls1724@gmail.com,a
never.use.this.pls1725@gmail.com,a
never.use.this.pls1726@gmail.com,a
never.use.this.pls1727@gmail.com,a
never.use.this.pls1728@gmail.com,a
never.use.this.pls1729@gmail.com,a
never.use.this.pls1730@gmail.com,a
never.use.this.pls1731@gmail.com,a
never.use.this.pls1732@gmail.com,a
never.use.this.pls1733@gmail.com,a
never.use.this.pls1734@gmail.com,a
never.use.this.pls1735@gmail.com,a
never.use.this.pls1736@gmail.com,a
never.use.this.pls1737@gmail.com,a
never.use.this.pls1738@gmail.com,a
never.use.this.pls1739@gmail.com,a
never.use.this.pls1740@gmail.com,a
never.use.this.pls1741@gmail.com,a
never.use.this.pls1742@gmail.com,a
never.use.this.pls1743@gmail.com,a
never.use.this.pls1744@gmail.com,a
never.use.this.pls1745@gmail.com,a
never.use.this.pls1746@gmail.com,a
never.use.this.pls1747@gmail.com,a
never.use.this.pls1748@gmail.com,a
never.use.this.pls1749@gmail.com,a
never.use.this.pls1750@gmail.com,a
never.use.this.pls1751@gmail.com,a
never.use.this.pls1752@gmail.com,a
never.use.this.pls1753@gmail.com,a
never.use.this.pls1754@gmail.com,a
never.use.this.pls1755@gmail.com,a
never.use.this.pls1756@gmail.com,a
never.use.this.pls1757@gmail.com,a
never.use.this.pls1758@gmail.com,a
never.use.this.pls1759@gmail.com,a
never.use.this.pls1760@gmail.com,a
never.use.this.pls1761@gmail.com,a
never.use.this.pls1762@gmail.com,a
never.use.this.pls1763@gmail.com,a
never.use.this.pls1764@gmail.com,a
never.use.this.pls1765@gmail.com,a
never.use.this.pls1766@gmail.com,a
never.use.this.pls1767@gmail.com,a
never.use.this.pls1768@gmail.com,a
never.use.this.pls1769@gmail.com,a
never.use.this.pls1770@gmail.com,a
never.use.this.pls1771@gmail.com,a
never.use.this.pls1772@gmail.com,a
never.use.this.pls1773@gmail.com,a
never.use.this.pls1774@gmail.com,a
never.use.this.pls1775@gmail.com,a
never.use.this.pls1776@gmail.com,a
never.use.this.pls1777@gmail.com,a
never.use.this.pls1778@gmail.com,a
never.use.this.pls1779@gmail.com,a
never.use.this.pls1780@gmail.com,a
never.use.this.pls1781@gmail.com,a
never.use.this.pls1782@gmail.com,a
never.use.this.pls1783@gmail.com,a
never.use.this.pls1784@gmail.com,a
never.use.this.pls1785@gmail.com,a
never.use.this.pls1786@gmail.com,a
never.use.this.pls1787@gmail.com,a
never.use.this.pls1788@gmail.com,a
never.use.this.pls1789@gmail.com,a
never.use.this.pls1790@gmail.com,a
never.use.this.pls1791@gmail.com,a
never.use.this.pls1792@gmail.com,a
never.use.this.pls1793@gmail.com,a
never.use.this.pls1794@gmail.com,a
never.use.this.pls1795@gmail.com,a
never.use.this.pls1796@gmail.com,a
never.use.this.pls1797@gmail.com,a
never.use.this.pls1798@gmail.com,a
never.use.this.pls1799@gmail.com,a
never.use.this.pls1800@gmail.com,a
never.use.this.pls1801@gmail.com,a
never.use.this.pls1802@gmail.com,a
never.use.this.pls1803@gmail.com,a
never.use.this.pls1804@gmail.com,a
never.use.this.pls1805@gmail.com,a
never.use.this.pls1806@gmail.com,a
never.use.this.pls1807@gmail.com,a
never.use.this.pls1808@gmail.com,a
never.use.this.pls1809@gmail.com,a
never.use.this.pls1810@gmail.com,a
never.use.this.pls1811@gmail.com,a
never.use.this.pls1812@gmail.com,a
never.use.this.pls1813@gmail.com,a
never.use.this.pls1814@gmail.com,a
never.use.this.pls1815@gmail.com,a
never.use.this.pls1816@gmail.com,a
never.use.this.pls1817@gmail.com,a
never.use.this.pls1818@gmail.com,a
never.use.this.pls1819@gmail.com,a
never.use.this.pls1820@gmail.com,a
never.use.this.pls1821@gmail.com,a
never.use.this.pls1822@gmail.com,a
never.use.this.pls1823@gmail.com,a
never.use.this.pls1824@gmail.com,a
never.use.this.pls1825@gmail.com,a
never.use.this.pls1826@gmail.com,a
never.use.this.pls1827@gmail.com,a
never.use.this.pls1828@gmail.com,a
never.use.this.pls1829@gmail.com,a
never.use.this.pls1830@gmail.com,a
never.use.this.pls1831@gmail.com,a
never.use.this.pls1832@gmail.com,a
never.use.this.pls1833@gmail.com,a
never.use.this.pls1834@gmail.com,a
never.use.this.pls1835@gmail.com,a
never.use.this.pls1836@gmail.com,a
never.use.this.pls1837@gmail.com,a
never.use.this.pls1838@gmail.com,a
never.use.this.pls1839@gmail.com,a
never.use.this.pls1840@gmail.com,a
never.use.this.pls1841@gmail.com,a
never.use.this.pls1842@gmail.com,a
never.use.this.pls1843@gmail.com,a
never.use.this.pls1844@gmail.com,a
never.use.this.pls1845@gmail.com,a
never.use.this.pls1846@gmail.com,a
never.use.this.pls1847@gmail.com,a
never.use.this.pls1848@gmail.com,a
never.use.this.pls1849@gmail.com,a
never.use.this.pls1850@gmail.com,a
never.use.this.pls1851@gmail.com,a
never.use.this.pls1852@gmail.com,a
never.use.this.pls1853@gmail.com,a
never.use.this.pls1854@gmail.com,a
never.use.this.pls1855@gmail.com,a
never.use.this.pls1856@gmail.com,a
never.use.this.pls1857@gmail.com,a
never.use.this.pls1858@gmail.com,a
never.use.this.pls1859@gmail.com,a
never.use.this.pls1860@gmail.com,a
never.use.this.pls1861@gmail.com,a
never.use.this.pls1862@gmail.com,a
never.use.this.pls1863@gmail.com,a
never.use.this.pls1864@gmail.com,a
never.use.this.pls1865@gmail.com,a
never.use.this.pls1866@gmail.com,a
never.use.this.pls1867@gmail.com,a
never.use.this.pls1868@gmail.com,a
never.use.this.pls1869@gmail.com,a
never.use.this.pls1870@gmail.com,a
never.use.this.pls1871@gmail.com,a
never.use.this.pls1872@gmail.com,a
never.use.this.pls1873@gmail.com,a
never.use.this.pls1874@gmail.com,a
never.use.this.pls1875@gmail.com,a
never.use.this.pls1876@gmail.com,a
never.use.this.pls1877@gmail.com,a
never.use.this.pls1878@gmail.com,a
never.use.this.pls1879@gmail.com,a
never.use.this.pls1880@gmail.com,a
never.use.this.pls1881@gmail.com,a
never.use.this.pls1882@gmail.com,a
never.use.this.pls1883@gmail.com,a
never.use.this.pls1884@gmail.com,a
never.use.this.pls1885@gmail.com,a
never.use.this.pls1886@gmail.com,a
never.use.this.pls1887@gmail.com,a
never.use.this.pls1888@gmail.com,a
never.use.this.pls1889@gmail.com,a
never.use.this.pls1890@gmail.com,a
never.use.this.pls1891@gmail.com,a
never.use.this.pls1892@gmail.com,a
never.use.this.pls1893@gmail.com,a
never.use.this.pls1894@gmail.com,a
never.use.this.pls1895@gmail.com,a
never.use.this.pls1896@gmail.com,a
never.use.this.pls1897@gmail.com,a
never.use.this.pls1898@gmail.com,a
never.use.this.pls1899@gmail.com,a
never.use.this.pls1900@gmail.com,a
never.use.this.pls1901@gmail.com,a
never.use.this.pls1902@gmail.com,a
never.use.this.pls1903@gmail.com,a
never.use.this.pls1904@gmail.com,a
never.use.this.pls1905@gmail.com,a
never.use.this.pls1906@gmail.com,a
never.use.this.pls1907@gmail.com,a
never.use.this.pls1908@gmail.com,a
never.use.this.pls1909@gmail.com,a
never.use.this.pls1910@gmail.com,a
never.use.this.pls1911@gmail.com,a
never.use.this.pls1912@gmail.com,a
never.use.this.pls1913@gmail.com,a
never.use.this.pls1914@gmail.com,a
never.use.this.pls1915@gmail.com,a
never.use.this.pls1916@gmail.com,a
never.use.this.pls1917@gmail.com,a
never.use.this.pls1918@gmail.com,a
never.use.this.pls1919@gmail.com,a
never.use.this.pls1920@gmail.com,a
never.use.this.pls1921@gmail.com,a
never.use.this.pls1922@gmail.com,a
never.use.this.pls1923@gmail.com,a
never.use.this.pls1924@gmail.com,a
never.use.this.pls1925@gmail.com,a
never.use.this.pls1926@gmail.com,a
never.use.this.pls1927@gmail.com,a
never.use.this.pls1928@gmail.com,a
never.use.this.pls1929@gmail.com,a
never.use.this.pls1930@gmail.com,a
never.use.this.pls1931@gmail.com,a
never.use.this.pls1932@gmail.com,a
never.use.this.pls1933@gmail.com,a
never.use.this.pls1934@gmail.com,a
never.use.this.pls1935@gmail.com,a
never.use.this.pls1936@gmail.com,a
never.use.this.pls1937@gmail.com,a
never.use.this.pls1938@gmail.com,a
never.use.this.pls1939@gmail.com,a
never.use.this.pls1940@gmail.com,a
never.use.this.pls1941@gmail.com,a
never.use.this.pls1942@gmail.com,a
never.use.this.pls1943@gmail.com,a
never.use.this.pls1944@gmail.com,a
never.use.this.pls1945@gmail.com,a
never.use.this.pls1946@gmail.com,a
never.use.this.pls1947@gmail.com,a
never.use.this.pls1948@gmail.com,a
never.use.this.pls1949@gmail.com,a
never.use.this.pls1950@gmail.com,a
never.use.this.pls1951@gmail.com,a
never.use.this.pls1952@gmail.com,a
never.use.this.pls1953@gmail.com,a
never.use.this.pls1954@gmail.com,a
never.use.this.pls1955@gmail.com,a
never.use.this.pls1956@gmail.com,a
never.use.this.pls1957@gmail.com,a
never.use.this.pls1958@gmail.com,a
never.use.this.pls1959@gmail.com,a
never.use.this.pls1960@gmail.com,a
never.use.this.pls1961@gmail.com,a
never.use.this.pls1962@gmail.com,a
never.use.this.pls1963@gmail.com,a
never.use.this.pls1964@gmail.com,a
never.use.this.pls1965@gmail.com,a
never.use.this.pls1966@gmail.com,a
never.use.this.pls1967@gmail.com,a
never.use.this.pls1968@gmail.com,a
never.use.this.pls1969@gmail.com,a
never.use.this.pls1970@gmail.com,a
never.use.this.pls1971@gmail.com,a
never.use.this.pls1972@gmail.com,a
never.use.this.pls1973@gmail.com,a
never.use.this.pls1974@gmail.com,a
never.use.this.pls1975@gmail.com,a
never.use.this.pls1976@gmail.com,a
never.use.this.pls1977@gmail.com,a
never.use.this.pls1978@gmail.com,a
never.use.this.pls1979@gmail.com,a
never.use.this.pls1980@gmail.com,a
never.use.this.pls1981@gmail.com,a
never.use.this.pls1982@gmail.com,a
never.use.this.pls1983@gmail.com,a
never.use.this.pls1984@gmail.com,a
never.use.this.pls1985@gmail.com,a
never.use.this.pls1986@gmail.com,a
never.use.this.pls1987@gmail.com,a
never.use.this.pls1988@gmail.com,a
never.use.this.pls1989@gmail.com,a
never.use.this.pls1990@gmail.com,a
never.use.this.pls1991@gmail.com,a
never.use.this.pls1992@gmail.com,a
never.use.this.pls1993@gmail.com,a
never.use.this.pls1994@gmail.com,a
never.use.this.pls1995@gmail.com,a
never.use.this.pls1996@gmail.com,a
never.use.this.pls1997@gmail.com,a
never.use.this.pls1998@gmail.com,a
never.use.this.pls1999@gmail.com,a
never.use.this.pls2000@gmail.com,a
