never.use.this.pl1s@gmail.com,a
never.use.this.pl2s@gmail.com,a
never.use.this.pl3s@gmail.com,a
never.use.this.pl4s@gmail.com,a
never.use.this.pl5s@gmail.com,a
never.use.this.pl6s@gmail.com,a
never.use.this.pl7s@gmail.com,a
never.use.this.pl8s@gmail.com,a
never.use.this.pl9s@gmail.com,a
never.use.this.pl10s@gmail.com,a
never.use.this.pl11s@gmail.com,a
never.use.this.pl12s@gmail.com,a
never.use.this.pl13s@gmail.com,a
never.use.this.pl14s@gmail.com,a
never.use.this.pl15s@gmail.com,a
never.use.this.pl16s@gmail.com,a
never.use.this.pl17s@gmail.com,a
never.use.this.pl18s@gmail.com,a
never.use.this.pl19s@gmail.com,a
never.use.this.pl20s@gmail.com,a
never.use.this.pl21s@gmail.com,a
never.use.this.pl22s@gmail.com,a
never.use.this.pl23s@gmail.com,a
never.use.this.pl24s@gmail.com,a
never.use.this.pl25s@gmail.com,a
never.use.this.pl26s@gmail.com,a
never.use.this.pl27s@gmail.com,a
never.use.this.pl28s@gmail.com,a
never.use.this.pl29s@gmail.com,a
never.use.this.pl30s@gmail.com,a
never.use.this.pl31s@gmail.com,a
never.use.this.pl32s@gmail.com,a
never.use.this.pl33s@gmail.com,a
never.use.this.pl34s@gmail.com,a
never.use.this.pl35s@gmail.com,a
never.use.this.pl36s@gmail.com,a
never.use.this.pl37s@gmail.com,a
never.use.this.pl38s@gmail.com,a
never.use.this.pl39s@gmail.com,a
never.use.this.pl40s@gmail.com,a
never.use.this.pl41s@gmail.com,a
never.use.this.pl42s@gmail.com,a
never.use.this.pl43s@gmail.com,a
never.use.this.pl44s@gmail.com,a
never.use.this.pl45s@gmail.com,a
never.use.this.pl46s@gmail.com,a
never.use.this.pl47s@gmail.com,a
never.use.this.pl48s@gmail.com,a
never.use.this.pl49s@gmail.com,a
never.use.this.pl50s@gmail.com,a
never.use.this.pl51s@gmail.com,a
never.use.this.pl52s@gmail.com,a
never.use.this.pl53s@gmail.com,a
never.use.this.pl54s@gmail.com,a
never.use.this.pl55s@gmail.com,a
never.use.this.pl56s@gmail.com,a
never.use.this.pl57s@gmail.com,a
never.use.this.pl58s@gmail.com,a
never.use.this.pl59s@gmail.com,a
never.use.this.pl60s@gmail.com,a
never.use.this.pl61s@gmail.com,a
never.use.this.pl62s@gmail.com,a
never.use.this.pl63s@gmail.com,a
never.use.this.pl64s@gmail.com,a
never.use.this.pl65s@gmail.com,a
never.use.this.pl66s@gmail.com,a
never.use.this.pl67s@gmail.com,a
never.use.this.pl68s@gmail.com,a
never.use.this.pl69s@gmail.com,a
never.use.this.pl70s@gmail.com,a
never.use.this.pl71s@gmail.com,a
never.use.this.pl72s@gmail.com,a
never.use.this.pl73s@gmail.com,a
never.use.this.pl74s@gmail.com,a
never.use.this.pl75s@gmail.com,a
never.use.this.pl76s@gmail.com,a
never.use.this.pl77s@gmail.com,a
never.use.this.pl78s@gmail.com,a
never.use.this.pl79s@gmail.com,a
never.use.this.pl80s@gmail.com,a
never.use.this.pl81s@gmail.com,a
never.use.this.pl82s@gmail.com,a
never.use.this.pl83s@gmail.com,a
never.use.this.pl84s@gmail.com,a
never.use.this.pl85s@gmail.com,a
never.use.this.pl86s@gmail.com,a
never.use.this.pl87s@gmail.com,a
never.use.this.pl88s@gmail.com,a
never.use.this.pl89s@gmail.com,a
never.use.this.pl90s@gmail.com,a
never.use.this.pl91s@gmail.com,a
never.use.this.pl92s@gmail.com,a
never.use.this.pl93s@gmail.com,a
never.use.this.pl94s@gmail.com,a
never.use.this.pl95s@gmail.com,a
never.use.this.pl96s@gmail.com,a
never.use.this.pl97s@gmail.com,a
never.use.this.pl98s@gmail.com,a
never.use.this.pl99s@gmail.com,a
never.use.this.pl100s@gmail.com,a
